"SCCS ID","SOCIETY NAME","OWC","EA-SUB-PER","EA-GA","EA-HU","EA-FI","EA-AH","EA-AG","subsistence_domain","CAL1","CAL1A_scale_of_sub","CAL1B_frequency","CAL1C_gender","practiced","cooperation_present","EA_dependence"
116,"Korea","AA01","0,0,2,2,6",0,0,2,2,6,"GA",NA,NA,NA,NA,0,NA,0
116,"Korea","AA01","0,0,2,2,6",0,0,2,2,6,"HU",NA,NA,NA,NA,0,NA,0
116,"Korea","AA01","0,0,2,2,6",0,0,2,2,6,"FI",NA,NA,NA,NA,NA,NA,2
116,"Korea","AA01","0,0,2,2,6",0,0,2,2,6,"AH",NA,NA,NA,NA,NA,NA,2
116,"Korea","AA01","0,0,2,2,6",0,0,2,2,6,"AG",2,2,4,3,1,1,6
118,"Ainu","AB06","2,3,4,0,1",2,3,4,0,1,"GA",1,1,2,NA,1,1,2
118,"Ainu","AB06","2,3,4,0,1",2,3,4,0,1,"HU",2,1.5,2,4,1,1,3
118,"Ainu","AB06","2,3,4,0,1",2,3,4,0,1,"FI",2,1.5,1,3,1,1,4
118,"Ainu","AB06","2,3,4,0,1",2,3,4,0,1,"AH",NA,NA,NA,NA,0,NA,0
118,"Ainu","AB06","2,3,4,0,1",2,3,4,0,1,"AG",NA,NA,NA,NA,NA,NA,1
117,"Okayama","AB43","0,0,2,1,7",0,0,2,1,7,"GA",NA,NA,NA,NA,0,NA,0
117,"Okayama","AB43","0,0,2,1,7",0,0,2,1,7,"HU",NA,NA,NA,NA,0,NA,0
117,"Okayama","AB43","0,0,2,1,7",0,0,2,1,7,"FI",2,3,1,5,1,1,2
117,"Okayama","AB43","0,0,2,1,7",0,0,2,1,7,"AH",NA,NA,NA,NA,NA,NA,1
117,"Okayama","AB43","0,0,2,1,7",0,0,2,1,7,"AG",1,3,2,3,1,1,7
NA,"Taiwan Hokkien","AD05",NA,NA,NA,NA,NA,NA,"GA",NA,NA,NA,NA,NA,NA,NA
NA,"Taiwan Hokkien","AD05",NA,NA,NA,NA,NA,NA,"HU",NA,NA,NA,NA,NA,NA,NA
NA,"Taiwan Hokkien","AD05",NA,NA,NA,NA,NA,NA,"FI",NA,NA,NA,NA,NA,NA,NA
NA,"Taiwan Hokkien","AD05",NA,NA,NA,NA,NA,NA,"AH",0,0,0,NA,1,0,NA
NA,"Taiwan Hokkien","AD05",NA,NA,NA,NA,NA,NA,"AG",1,2,2,4,1,1,NA
66,"Mongolia","AH01","0,1,0,8,1",0,1,0,8,1,"GA",NA,NA,NA,NA,0,NA,0
66,"Mongolia","AH01","0,1,0,8,1",0,1,0,8,1,"HU",NA,NA,NA,NA,NA,NA,1
66,"Mongolia","AH01","0,1,0,8,1",0,1,0,8,1,"FI",NA,NA,NA,NA,0,NA,0
66,"Mongolia","AH01","0,1,0,8,1",0,1,0,8,1,"AH",2,3,4,3,1,1,8
66,"Mongolia","AH01","0,1,0,8,1",0,1,0,8,1,"AG",0,0,0,NA,1,0,1
68,"Lepcha","AK05","0,1,0,3,6",0,1,0,3,6,"GA",NA,NA,NA,NA,0,NA,0
68,"Lepcha","AK05","0,1,0,3,6",0,1,0,3,6,"HU",NA,NA,NA,NA,NA,NA,1
68,"Lepcha","AK05","0,1,0,3,6",0,1,0,3,6,"FI",NA,NA,NA,NA,0,NA,0
68,"Lepcha","AK05","0,1,0,3,6",0,1,0,3,6,"AH",NA,NA,NA,NA,NA,NA,3
68,"Lepcha","AK05","0,1,0,3,6",0,1,0,3,6,"AG",2,3,4,3,1,1,6
73,"Vietnamese","AM11","0,0,2,2,6",0,0,2,2,6,"GA",NA,NA,NA,NA,0,NA,0
73,"Vietnamese","AM11","0,0,2,2,6",0,0,2,2,6,"HU",NA,NA,NA,NA,0,NA,0
73,"Vietnamese","AM11","0,0,2,2,6",0,0,2,2,6,"FI",NA,NA,NA,NA,NA,NA,2
73,"Vietnamese","AM11","0,0,2,2,6",0,0,2,2,6,"AH",1,2,2,NA,1,1,2
73,"Vietnamese","AM11","0,0,2,2,6",0,0,2,2,6,"AG",1,1,NA,3,1,1,6
76,"Central Thai","AO08","0,0,1,1,8",0,0,1,1,8,"GA",NA,NA,NA,NA,0,NA,0
76,"Central Thai","AO08","0,0,1,1,8",0,0,1,1,8,"HU",NA,NA,NA,NA,0,NA,0
76,"Central Thai","AO08","0,0,1,1,8",0,0,1,1,8,"FI",NA,NA,NA,NA,NA,NA,1
76,"Central Thai","AO08","0,0,1,1,8",0,0,1,1,8,"AH",1,1,3,NA,1,1,1
76,"Central Thai","AO08","0,0,1,1,8",0,0,1,1,8,"AG",1,2,2,NA,1,1,8
71,"Burmans","AP04","0,0,2,2,6",0,0,2,2,6,"GA",NA,NA,NA,NA,0,NA,0
71,"Burmans","AP04","0,0,2,2,6",0,0,2,2,6,"HU",NA,NA,NA,NA,0,NA,0
71,"Burmans","AP04","0,0,2,2,6",0,0,2,2,6,"FI",NA,NA,NA,NA,NA,NA,2
71,"Burmans","AP04","0,0,2,2,6",0,0,2,2,6,"AH",0,0,0,NA,1,0,2
71,"Burmans","AP04","0,0,2,2,6",0,0,2,2,6,"AG",1,1,NA,4,1,1,6
69,"Garo","AR05","0,0,1,1,8",0,0,1,1,8,"GA",NA,NA,NA,NA,0,NA,0
69,"Garo","AR05","0,0,1,1,8",0,0,1,1,8,"HU",NA,NA,NA,NA,0,NA,0
69,"Garo","AR05","0,0,1,1,8",0,0,1,1,8,"FI",NA,NA,NA,NA,NA,NA,1
69,"Garo","AR05","0,0,1,1,8",0,0,1,1,8,"AH",NA,NA,NA,NA,NA,NA,1
69,"Garo","AR05","0,0,1,1,8",0,0,1,1,8,"AG",1,2,2,4,1,1,8
NA,"Khasi","AR07","1,1,1,2,5",1,1,1,2,5,"GA",2,2,1,5,1,1,1
NA,"Khasi","AR07","1,1,1,2,5",1,1,1,2,5,"HU",2,2,NA,5,1,1,1
NA,"Khasi","AR07","1,1,1,2,5",1,1,1,2,5,"FI",NA,NA,NA,NA,NA,NA,1
NA,"Khasi","AR07","1,1,1,2,5",1,1,1,2,5,"AH",NA,NA,NA,NA,0,NA,2
NA,"Khasi","AR07","1,1,1,2,5",1,1,1,2,5,"AG",1,1,1,3,1,1,5
70,"Mara","AR20","0,2,1,1,6",0,2,1,1,6,"GA",NA,NA,NA,NA,0,NA,0
70,"Mara","AR20","0,2,1,1,6",0,2,1,1,6,"HU",2,NA,NA,5,1,1,2
70,"Mara","AR20","0,2,1,1,6",0,2,1,1,6,"FI",1,3,3,5,1,1,1
70,"Mara","AR20","0,2,1,1,6",0,2,1,1,6,"AH",NA,NA,NA,NA,NA,NA,1
70,"Mara","AR20","0,2,1,1,6",0,2,1,1,6,"AG",0,0,0,NA,1,0,6
59,"West Punjabi","AT03","0,0,0,2,8",0,0,0,2,8,"GA",NA,NA,NA,NA,0,NA,0
59,"West Punjabi","AT03","0,0,0,2,8",0,0,0,2,8,"HU",NA,NA,NA,NA,0,NA,0
59,"West Punjabi","AT03","0,0,0,2,8",0,0,0,2,8,"FI",0,0,0,NA,1,0,0
59,"West Punjabi","AT03","0,0,0,2,8",0,0,0,2,8,"AH",1,1,4,3,1,1,2
59,"West Punjabi","AT03","0,0,0,2,8",0,0,0,2,8,"AG",1,2,2,3,1,1,8
64,"Burusho","AV07","0,0,0,4,6",0,0,0,4,6,"GA",NA,NA,NA,NA,0,NA,0
64,"Burusho","AV07","0,0,0,4,6",0,0,0,4,6,"HU",NA,NA,NA,NA,0,NA,0
64,"Burusho","AV07","0,0,0,4,6",0,0,0,4,6,"FI",NA,NA,NA,NA,0,NA,0
64,"Burusho","AV07","0,0,0,4,6",0,0,0,4,6,"AH",NA,NA,NA,NA,NA,NA,4
64,"Burusho","AV07","0,0,0,4,6",0,0,0,4,6,"AG",2,2.5,3,3,1,1,6
60,"Gond","AW32","2,1,0,2,5",2,1,0,2,5,"GA",NA,NA,NA,NA,NA,NA,2
60,"Gond","AW32","2,1,0,2,5",2,1,0,2,5,"HU",2,NA,NA,NA,1,1,1
60,"Gond","AW32","2,1,0,2,5",2,1,0,2,5,"FI",2,NA,NA,NA,1,1,0
60,"Gond","AW32","2,1,0,2,5",2,1,0,2,5,"AH",NA,NA,NA,NA,NA,NA,2
60,"Gond","AW32","2,1,0,2,5",2,1,0,2,5,"AG",2,3,4,3,1,1,5
62,"Santal","AW42","0,1,1,1,7",0,1,1,1,7,"GA",NA,NA,NA,NA,0,NA,0
62,"Santal","AW42","0,1,1,1,7",0,1,1,1,7,"HU",NA,NA,NA,NA,NA,NA,1
62,"Santal","AW42","0,1,1,1,7",0,1,1,1,7,"FI",NA,NA,NA,NA,NA,NA,1
62,"Santal","AW42","0,1,1,1,7",0,1,1,1,7,"AH",0,0,0,NA,1,0,1
62,"Santal","AW42","0,1,1,1,7",0,1,1,1,7,"AG",1,2,2,NA,1,1,7
NA,"Sinhalese","AX04","0,0,1,3,6",0,0,1,3,6,"GA",NA,NA,NA,NA,0,NA,0
NA,"Sinhalese","AX04","0,0,1,3,6",0,0,1,3,6,"HU",NA,NA,NA,NA,0,NA,0
NA,"Sinhalese","AX04","0,0,1,3,6",0,0,1,3,6,"FI",NA,NA,NA,NA,NA,NA,1
NA,"Sinhalese","AX04","0,0,1,3,6",0,0,1,3,6,"AH",NA,NA,NA,NA,NA,NA,3
NA,"Sinhalese","AX04","0,0,1,3,6",0,0,1,3,6,"AG",1,2,2,3,1,1,6
79,"Andamans","AZ02","4,2,4,0,0",4,2,4,0,0,"GA",2,3,2,NA,1,1,4
79,"Andamans","AZ02","4,2,4,0,0",4,2,4,0,0,"HU",2,1.5,2,5,1,1,2
79,"Andamans","AZ02","4,2,4,0,0",4,2,4,0,0,"FI",2,1,NA,5,1,1,4
79,"Andamans","AZ02","4,2,4,0,0",4,2,4,0,0,"AH",NA,NA,NA,NA,0,NA,0
79,"Andamans","AZ02","4,2,4,0,0",4,2,4,0,0,"AG",NA,NA,NA,NA,0,NA,0
NA,"Serbs","EF06","0,0,0,4,6",0,0,0,4,6,"GA",NA,NA,NA,NA,0,NA,0
NA,"Serbs","EF06","0,0,0,4,6",0,0,0,4,6,"HU",NA,NA,NA,NA,0,NA,0
NA,"Serbs","EF06","0,0,0,4,6",0,0,0,4,6,"FI",NA,NA,NA,NA,0,NA,0
NA,"Serbs","EF06","0,0,0,4,6",0,0,0,4,6,"AH",1,2,2,3,1,1,4
NA,"Serbs","EF06","0,0,0,4,6",0,0,0,4,6,"AG",1,2,2,NA,1,1,6
52,"Saami","EP04","0,2,2,6,0",0,2,2,6,0,"GA",NA,NA,NA,NA,0,NA,0
52,"Saami","EP04","0,2,2,6,0",0,2,2,6,0,"HU",NA,NA,NA,NA,NA,NA,2
52,"Saami","EP04","0,2,2,6,0",0,2,2,6,0,"FI",0,0,0,NA,1,0,2
52,"Saami","EP04","0,2,2,6,0",0,2,2,6,0,"AH",1,3,2,3,1,1,6
52,"Saami","EP04","0,2,2,6,0",0,2,2,6,0,"AG",NA,NA,NA,NA,0,NA,0
51,"Rural Irish","ER06","0,1,0,4,5",0,1,0,4,5,"GA",NA,NA,NA,NA,0,NA,0
51,"Rural Irish","ER06","0,1,0,4,5",0,1,0,4,5,"HU",NA,NA,NA,NA,NA,NA,1
51,"Rural Irish","ER06","0,1,0,4,5",0,1,0,4,5,"FI",NA,NA,NA,NA,0,NA,0
51,"Rural Irish","ER06","0,1,0,4,5",0,1,0,4,5,"AH",2,1,2,4,1,1,4
51,"Rural Irish","ER06","0,1,0,4,5",0,1,0,4,5,"AG",1,1,3,4,1,1,5
NA,"Highland Scots","ES10",NA,NA,NA,NA,NA,NA,"GA",NA,NA,NA,NA,NA,NA,NA
NA,"Highland Scots","ES10",NA,NA,NA,NA,NA,NA,"HU",NA,NA,NA,NA,NA,NA,NA
NA,"Highland Scots","ES10",NA,NA,NA,NA,NA,NA,"FI",2,2,3,5,1,1,NA
NA,"Highland Scots","ES10",NA,NA,NA,NA,NA,NA,"AH",2,2,NA,5,1,1,NA
NA,"Highland Scots","ES10",NA,NA,NA,NA,NA,NA,"AG",2,2,NA,5,1,1,NA
22,"Bambara","FA08","2,0,1,2,5",2,0,1,2,5,"GA",1,3,3,NA,1,1,2
22,"Bambara","FA08","2,0,1,2,5",2,0,1,2,5,"HU",1,3,3,NA,1,1,0
22,"Bambara","FA08","2,0,1,2,5",2,0,1,2,5,"FI",1,3,3,NA,1,1,1
22,"Bambara","FA08","2,0,1,2,5",2,0,1,2,5,"AH",0,0,0,NA,1,0,2
22,"Bambara","FA08","2,0,1,2,5",2,0,1,2,5,"AG",1,3,4,3,1,1,5
NA,"Dogon","FA16","2,0,0,2,6",2,0,0,2,6,"GA",NA,NA,NA,NA,NA,NA,2
NA,"Dogon","FA16","2,0,0,2,6",2,0,0,2,6,"HU",NA,NA,NA,NA,0,NA,0
NA,"Dogon","FA16","2,0,0,2,6",2,0,0,2,6,"FI",1,2,2,3,1,1,0
NA,"Dogon","FA16","2,0,0,2,6",2,0,0,2,6,"AH",NA,NA,NA,NA,NA,NA,2
NA,"Dogon","FA16","2,0,0,2,6",2,0,0,2,6,"AG",1,3,2,3,1,1,6
23,"Tallensi","FE11","1,0,0,2,7",1,0,0,2,7,"GA",NA,NA,NA,NA,NA,NA,1
23,"Tallensi","FE11","1,0,0,2,7",1,0,0,2,7,"HU",0,0,0,NA,1,0,0
23,"Tallensi","FE11","1,0,0,2,7",1,0,0,2,7,"FI",NA,NA,NA,NA,0,NA,0
23,"Tallensi","FE11","1,0,0,2,7",1,0,0,2,7,"AH",0,0,0,NA,1,0,2
23,"Tallensi","FE11","1,0,0,2,7",1,0,0,2,7,"AG",0,0,0,NA,1,0,7
19,"Akan","FE12","0,1,2,0,7",0,1,2,0,7,"GA",NA,NA,NA,NA,0,NA,0
19,"Akan","FE12","0,1,2,0,7",0,1,2,0,7,"HU",NA,NA,NA,NA,NA,NA,1
19,"Akan","FE12","0,1,2,0,7",0,1,2,0,7,"FI",NA,NA,NA,NA,NA,NA,2
19,"Akan","FE12","0,1,2,0,7",0,1,2,0,7,"AH",NA,NA,NA,NA,0,NA,0
19,"Akan","FE12","0,1,2,0,7",0,1,2,0,7,"AG",NA,NA,NA,NA,NA,NA,7
16,"Tiv","FF57","1,2,1,1,5",1,2,1,1,5,"GA",NA,NA,NA,NA,NA,NA,1
16,"Tiv","FF57","1,2,1,1,5",1,2,1,1,5,"HU",NA,NA,NA,NA,NA,NA,2
16,"Tiv","FF57","1,2,1,1,5",1,2,1,1,5,"FI",NA,NA,NA,NA,NA,NA,1
16,"Tiv","FF57","1,2,1,1,5",1,2,1,1,5,"AH",1,1,1,3,1,1,1
16,"Tiv","FF57","1,2,1,1,5",1,2,1,1,5,"AG",1,2,3,4,1,1,5
27,"Masa","FI121","0,1,3,1,5",0,1,3,1,5,"GA",NA,NA,NA,NA,NA,NA,0
27,"Masa","FI121","0,1,3,1,5",0,1,3,1,5,"HU",NA,NA,NA,NA,NA,NA,1
27,"Masa","FI121","0,1,3,1,5",0,1,3,1,5,"FI",2,2,2,NA,1,1,3
27,"Masa","FI121","0,1,3,1,5",0,1,3,1,5,"AH",2,2,2,NA,1,1,1
27,"Masa","FI121","0,1,3,1,5",0,1,3,1,5,"AG",1,2.5,2,NA,1,1,5
30,"Nuba","FJ21","0,2,0,2,6",0,2,0,2,6,"GA",NA,NA,NA,NA,NA,NA,0
30,"Nuba","FJ21","0,2,0,2,6",0,2,0,2,6,"HU",1,3,2,5,1,1,2
30,"Nuba","FJ21","0,2,0,2,6",0,2,0,2,6,"FI",NA,NA,NA,NA,0,NA,0
30,"Nuba","FJ21","0,2,0,2,6",0,2,0,2,6,"AH",1,3,2,5,1,1,2
30,"Nuba","FJ21","0,2,0,2,6",0,2,0,2,6,"AG",1,2,1,3,1,1,6
12,"Ganda","FK07","0,1,1,1,7",0,1,1,1,7,"GA",NA,NA,NA,NA,NA,NA,0
12,"Ganda","FK07","0,1,1,1,7",0,1,1,1,7,"HU",2,1,NA,5,1,1,1
12,"Ganda","FK07","0,1,1,1,7",0,1,1,1,7,"FI",NA,NA,NA,NA,NA,NA,1
12,"Ganda","FK07","0,1,1,1,7",0,1,1,1,7,"AH",NA,NA,NA,NA,NA,NA,1
12,"Ganda","FK07","0,1,1,1,7",0,1,1,1,7,"AG",0,0,0,NA,1,0,7
9,"Hadza","FN11","5,5,0,0,0",5,5,0,0,0,"GA",1,3,4,1,1,1,5
9,"Hadza","FN11","5,5,0,0,0",5,5,0,0,0,"HU",0,0,0,NA,1,0,5
9,"Hadza","FN11","5,5,0,0,0",5,5,0,0,0,"FI",0,0,0,NA,1,0,0
9,"Hadza","FN11","5,5,0,0,0",5,5,0,0,0,"AH",NA,NA,NA,NA,NA,NA,0
9,"Hadza","FN11","5,5,0,0,0",5,5,0,0,0,"AG",NA,NA,NA,NA,NA,NA,0
8,"Nyakyusa and Ngonde","FN17","0,1,1,2,6",0,1,1,2,6,"GA",NA,NA,NA,NA,0,NA,0
8,"Nyakyusa and Ngonde","FN17","0,1,1,2,6",0,1,1,2,6,"HU",0,0,0,NA,1,0,1
8,"Nyakyusa and Ngonde","FN17","0,1,1,2,6",0,1,1,2,6,"FI",0,0,0,NA,1,0,1
8,"Nyakyusa and Ngonde","FN17","0,1,1,2,6",0,1,1,2,6,"AH",2,2,4,5,1,1,2
8,"Nyakyusa and Ngonde","FN17","0,1,1,2,6",0,1,1,2,6,"AG",1,NA,NA,NA,1,1,6
13,"Mbuti","FO04","6,3,1,0,0",6,3,1,0,0,"GA",1,1.5,1,NA,1,1,6
13,"Mbuti","FO04","6,3,1,0,0",6,3,1,0,0,"HU",2,2,4,3,1,1,3
13,"Mbuti","FO04","6,3,1,0,0",6,3,1,0,0,"FI",NA,NA,NA,NA,NA,NA,1
13,"Mbuti","FO04","6,3,1,0,0",6,3,1,0,0,"AH",NA,NA,NA,NA,NA,NA,0
13,"Mbuti","FO04","6,3,1,0,0",6,3,1,0,0,"AG",NA,NA,NA,NA,NA,NA,0
28,"Azande","FO07","1,2,1,0,6",1,2,1,0,6,"GA",NA,NA,NA,NA,NA,NA,1
28,"Azande","FO07","1,2,1,0,6",1,2,1,0,6,"HU",NA,NA,NA,NA,NA,NA,2
28,"Azande","FO07","1,2,1,0,6",1,2,1,0,6,"FI",2,2,NA,3,1,1,1
28,"Azande","FO07","1,2,1,0,6",1,2,1,0,6,"AH",NA,NA,NA,NA,0,NA,0
28,"Azande","FO07","1,2,1,0,6",1,2,1,0,6,"AG",1,2,2,3,1,1,6
5,"Ovimbundu","FP13","1,1,1,2,5",1,1,1,2,5,"GA",NA,NA,NA,NA,NA,NA,1
5,"Ovimbundu","FP13","1,1,1,2,5",1,1,1,2,5,"HU",1,2.75,1,4,1,1,1
5,"Ovimbundu","FP13","1,1,1,2,5",1,1,1,2,5,"FI",2,3,NA,3,1,1,1
5,"Ovimbundu","FP13","1,1,1,2,5",1,1,1,2,5,"AH",0,0,0,NA,1,0,2
5,"Ovimbundu","FP13","1,1,1,2,5",1,1,1,2,5,"AG",1,NA,NA,NA,1,1,5
7,"Bemba","FQ05","1,1,1,0,7",1,1,1,0,7,"GA",2,1,3,1,1,1,1
7,"Bemba","FQ05","1,1,1,0,7",1,1,1,0,7,"HU",1,1,1,5,1,1,1
7,"Bemba","FQ05","1,1,1,0,7",1,1,1,0,7,"FI",1,3,2,NA,1,1,1
7,"Bemba","FQ05","1,1,1,0,7",1,1,1,0,7,"AH",NA,NA,NA,NA,0,NA,0
7,"Bemba","FQ05","1,1,1,0,7",1,1,1,0,7,"AG",1,2,2,3,1,1,7
4,"Lozi","FQ09","1,2,1,2,4",1,2,1,2,4,"GA",NA,NA,NA,NA,NA,NA,1
4,"Lozi","FQ09","1,2,1,2,4",1,2,1,2,4,"HU",1,2,1,5,1,1,2
4,"Lozi","FQ09","1,2,1,2,4",1,2,1,2,4,"FI",1,2,1,3,1,1,1
4,"Lozi","FQ09","1,2,1,2,4",1,2,1,2,4,"AH",1,1,1,NA,1,1,2
4,"Lozi","FQ09","1,2,1,2,4",1,2,1,2,4,"AG",1,2,1,3,1,1,4
2,"San","FX10","8,2,0,0,0",8,2,0,0,0,"GA",1,2,3,2,1,1,8
2,"San","FX10","8,2,0,0,0",8,2,0,0,0,"HU",2,2,1,NA,1,1,2
2,"San","FX10","8,2,0,0,0",8,2,0,0,0,"FI",NA,NA,NA,NA,0,NA,0
2,"San","FX10","8,2,0,0,0",8,2,0,0,0,"AH",0,0,0,NA,1,0,0
2,"San","FX10","8,2,0,0,0",8,2,0,0,0,"AG",0,0,0,NA,1,0,0
1,"Khoi","FX13","1,3,1,5,0",1,3,1,5,0,"GA",2,3,4,1,1,1,1
1,"Khoi","FX13","1,3,1,5,0",1,3,1,5,0,"HU",2,2.5,4,5,1,1,3
1,"Khoi","FX13","1,3,1,5,0",1,3,1,5,0,"FI",2,2,NA,5,1,1,1
1,"Khoi","FX13","1,3,1,5,0",1,3,1,5,0,"AH",1,3,4,4,1,1,5
1,"Khoi","FX13","1,3,1,5,0",1,3,1,5,0,"AG",0,0,0,NA,1,0,0
58,"Basseri","MA10","0,1,0,8,1",0,1,0,8,1,"GA",NA,NA,NA,NA,0,NA,0
58,"Basseri","MA10","0,1,0,8,1",0,1,0,8,1,"HU",NA,NA,NA,NA,NA,NA,1
58,"Basseri","MA10","0,1,0,8,1",0,1,0,8,1,"FI",NA,NA,NA,NA,NA,NA,0
58,"Basseri","MA10","0,1,0,8,1",0,1,0,8,1,"AH",2,2,NA,4,1,1,8
58,"Basseri","MA10","0,1,0,8,1",0,1,0,8,1,"AG",NA,NA,NA,NA,NA,NA,1
57,"Kurds","MA11","0,0,1,4,5",0,0,1,4,5,"GA",NA,NA,NA,NA,0,NA,0
57,"Kurds","MA11","0,0,1,4,5",0,0,1,4,5,"HU",NA,NA,NA,NA,0,NA,0
57,"Kurds","MA11","0,0,1,4,5",0,0,1,4,5,"FI",NA,NA,NA,NA,NA,NA,1
57,"Kurds","MA11","0,0,1,4,5",0,0,1,4,5,"AH",1,3,4,3,1,1,4
57,"Kurds","MA11","0,0,1,4,5",0,0,1,4,5,"AG",1,2,2,3,1,1,5
46,"Rwala Bedouin","MD04","1,1,0,8,0",1,1,0,8,0,"GA",NA,NA,NA,NA,NA,NA,1
46,"Rwala Bedouin","MD04","1,1,0,8,0",1,1,0,8,0,"HU",2,1,NA,5,1,1,1
46,"Rwala Bedouin","MD04","1,1,0,8,0",1,1,0,8,0,"FI",NA,NA,NA,NA,0,NA,0
46,"Rwala Bedouin","MD04","1,1,0,8,0",1,1,0,8,0,"AH",1,2,NA,5,1,1,8
46,"Rwala Bedouin","MD04","1,1,0,8,0",1,1,0,8,0,"AG",NA,NA,NA,NA,0,NA,0
36,"Somali","MO04","0,0,0,9,1",0,0,0,9,1,"GA",NA,NA,NA,NA,0,NA,0
36,"Somali","MO04","0,0,0,9,1",0,0,0,9,1,"HU",NA,NA,NA,NA,0,NA,0
36,"Somali","MO04","0,0,0,9,1",0,0,0,9,1,"FI",NA,NA,NA,NA,0,NA,0
36,"Somali","MO04","0,0,0,9,1",0,0,0,9,1,"AH",1,3,NA,5,1,1,9
36,"Somali","MO04","0,0,0,9,1",0,0,0,9,1,"AG",1,NA,NA,NA,1,1,1
37,"Amhara","MP05","0,0,1,3,6",0,0,1,3,6,"GA",NA,NA,NA,NA,0,NA,0
37,"Amhara","MP05","0,0,1,3,6",0,0,1,3,6,"HU",NA,NA,NA,NA,0,NA,0
37,"Amhara","MP05","0,0,1,3,6",0,0,1,3,6,"FI",NA,NA,NA,NA,NA,NA,1
37,"Amhara","MP05","0,0,1,3,6",0,0,1,3,6,"AH",2,3,4,NA,1,1,3
37,"Amhara","MP05","0,0,1,3,6",0,0,1,3,6,"AG",1,1.5,1,5,1,1,6
35,"Konso","MP17","0,0,0,4,6",0,0,0,4,6,"GA",NA,NA,NA,NA,0,NA,0
35,"Konso","MP17","0,0,0,4,6",0,0,0,4,6,"HU",NA,NA,NA,NA,NA,NA,0
35,"Konso","MP17","0,0,0,4,6",0,0,0,4,6,"FI",NA,NA,NA,NA,0,NA,0
35,"Konso","MP17","0,0,0,4,6",0,0,0,4,6,"AH",NA,NA,NA,NA,NA,NA,4
35,"Konso","MP17","0,0,0,4,6",0,0,0,4,6,"AG",2,3,NA,3,1,1,6
29,"Fur","MQ08","0,0,1,3,6",0,0,1,3,6,"GA",NA,NA,NA,NA,NA,NA,0
29,"Fur","MQ08","0,0,1,3,6",0,0,1,3,6,"HU",NA,NA,NA,NA,0,NA,0
29,"Fur","MQ08","0,0,1,3,6",0,0,1,3,6,"FI",NA,NA,NA,NA,NA,NA,1
29,"Fur","MQ08","0,0,1,3,6",0,0,1,3,6,"AH",1,2.5,4,4,1,1,3
29,"Fur","MQ08","0,0,1,3,6",0,0,1,3,6,"AG",0,0,0,NA,1,0,6
39,"Barabra","MR08","0,0,1,3,6",0,0,1,3,6,"GA",NA,NA,NA,NA,0,NA,0
39,"Barabra","MR08","0,0,1,3,6",0,0,1,3,6,"HU",NA,NA,NA,NA,0,NA,0
39,"Barabra","MR08","0,0,1,3,6",0,0,1,3,6,"FI",1,1,NA,NA,1,1,1
39,"Barabra","MR08","0,0,1,3,6",0,0,1,3,6,"AH",2,1,4,5,1,1,3
39,"Barabra","MR08","0,0,1,3,6",0,0,1,3,6,"AG",2,1,NA,NA,1,1,6
43,"Fellahin","MR13","0,0,1,3,6",0,0,1,3,6,"GA",NA,NA,NA,NA,0,NA,0
43,"Fellahin","MR13","0,0,1,3,6",0,0,1,3,6,"HU",NA,NA,NA,NA,0,NA,0
43,"Fellahin","MR13","0,0,1,3,6",0,0,1,3,6,"FI",NA,NA,NA,NA,NA,NA,1
43,"Fellahin","MR13","0,0,1,3,6",0,0,1,3,6,"AH",1,1.5,NA,5,1,1,3
43,"Fellahin","MR13","0,0,1,3,6",0,0,1,3,6,"AG",1,2.5,NA,5,1,1,6
25,"Fulani","MS11","0,0,0,9,1",0,0,0,9,1,"GA",NA,NA,NA,NA,NA,NA,0
25,"Fulani","MS11","0,0,0,9,1",0,0,0,9,1,"HU",NA,NA,NA,NA,NA,NA,0
25,"Fulani","MS11","0,0,0,9,1",0,0,0,9,1,"FI",NA,NA,NA,NA,NA,NA,0
25,"Fulani","MS11","0,0,0,9,1",0,0,0,9,1,"AH",1,1,1,3,1,1,9
25,"Fulani","MS11","0,0,0,9,1",0,0,0,9,1,"AG",NA,NA,NA,NA,NA,NA,1
26,"Hausa","MS12","1,0,0,3,6",1,0,0,3,6,"GA",NA,NA,NA,NA,NA,NA,1
26,"Hausa","MS12","1,0,0,3,6",1,0,0,3,6,"HU",0,0,0,NA,1,0,0
26,"Hausa","MS12","1,0,0,3,6",1,0,0,3,6,"FI",0,0,0,NA,1,0,0
26,"Hausa","MS12","1,0,0,3,6",1,0,0,3,6,"AH",1,1,3,5,1,1,3
26,"Hausa","MS12","1,0,0,3,6",1,0,0,3,6,"AG",1,1,3,5,1,1,6
NA,"Kanuri","MS14","1,0,1,2,6",1,0,1,2,6,"GA",NA,NA,NA,NA,NA,NA,1
NA,"Kanuri","MS14","1,0,1,2,6",1,0,1,2,6,"HU",NA,NA,NA,NA,0,NA,0
NA,"Kanuri","MS14","1,0,1,2,6",1,0,1,2,6,"FI",NA,NA,NA,NA,NA,NA,1
NA,"Kanuri","MS14","1,0,1,2,6",1,0,1,2,6,"AH",0,0,0,NA,1,0,2
NA,"Kanuri","MS14","1,0,1,2,6",1,0,1,2,6,"AG",1,1.5,3,5,1,1,6
24,"Songhai","MS20","0,0,2,3,5",0,0,2,3,5,"GA",NA,NA,NA,NA,NA,NA,0
24,"Songhai","MS20","0,0,2,3,5",0,0,2,3,5,"HU",0,0,0,NA,1,0,0
24,"Songhai","MS20","0,0,2,3,5",0,0,2,3,5,"FI",0,0,0,NA,1,0,2
24,"Songhai","MS20","0,0,2,3,5",0,0,2,3,5,"AH",1,2,4,NA,1,1,3
24,"Songhai","MS20","0,0,2,3,5",0,0,2,3,5,"AG",2,3,2,5,1,1,5
40,"Teda","MS22","2,0,0,3,5",2,0,0,3,5,"GA",0,0,0,NA,1,0,2
40,"Teda","MS22","2,0,0,3,5",2,0,0,3,5,"HU",NA,NA,NA,NA,0,NA,0
40,"Teda","MS22","2,0,0,3,5",2,0,0,3,5,"FI",NA,NA,NA,NA,0,NA,0
40,"Teda","MS22","2,0,0,3,5",2,0,0,3,5,"AH",0,0,0,NA,1,0,3
40,"Teda","MS22","2,0,0,3,5",2,0,0,3,5,"AG",0,0,0,NA,1,0,5
21,"Wolof","MS30","0,0,1,3,6",0,0,1,3,6,"GA",NA,NA,NA,NA,NA,NA,0
21,"Wolof","MS30","0,0,1,3,6",0,0,1,3,6,"HU",NA,NA,NA,NA,NA,NA,0
21,"Wolof","MS30","0,0,1,3,6",0,0,1,3,6,"FI",NA,NA,NA,NA,NA,NA,1
21,"Wolof","MS30","0,0,1,3,6",0,0,1,3,6,"AH",NA,NA,NA,NA,NA,NA,3
21,"Wolof","MS30","0,0,1,3,6",0,0,1,3,6,"AG",2,3,4,4,1,1,6
NA,"Libyan Bedouin","MT09","0,0,0,6,4",0,0,0,6,4,"GA",NA,NA,NA,NA,NA,NA,0
NA,"Libyan Bedouin","MT09","0,0,0,6,4",0,0,0,6,4,"HU",NA,NA,NA,NA,NA,NA,0
NA,"Libyan Bedouin","MT09","0,0,0,6,4",0,0,0,6,4,"FI",NA,NA,NA,NA,NA,NA,0
NA,"Libyan Bedouin","MT09","0,0,0,6,4",0,0,0,6,4,"AH",0,0,0,NA,1,0,6
NA,"Libyan Bedouin","MT09","0,0,0,6,4",0,0,0,6,4,"AG",1,3,2,NA,1,1,4
NA,"Shluh","MW11","1,0,0,3,6",1,0,0,3,6,"GA",NA,NA,NA,NA,NA,NA,1
NA,"Shluh","MW11","1,0,0,3,6",1,0,0,3,6,"HU",NA,NA,NA,NA,0,NA,0
NA,"Shluh","MW11","1,0,0,3,6",1,0,0,3,6,"FI",NA,NA,NA,NA,0,NA,0
NA,"Shluh","MW11","1,0,0,3,6",1,0,0,3,6,"AH",NA,NA,NA,NA,NA,NA,3
NA,"Shluh","MW11","1,0,0,3,6",1,0,0,3,6,"AG",1,NA,NA,NA,1,1,6
42,"Berbers of Morocco","MX03","0,1,1,3,5",0,1,1,3,5,"GA",NA,NA,NA,NA,0,NA,0
42,"Berbers of Morocco","MX03","0,1,1,3,5",0,1,1,3,5,"HU",NA,NA,NA,NA,NA,NA,1
42,"Berbers of Morocco","MX03","0,1,1,3,5",0,1,1,3,5,"FI",NA,NA,NA,NA,NA,NA,1
42,"Berbers of Morocco","MX03","0,1,1,3,5",0,1,1,3,5,"AH",2,2.5,NA,5,1,1,3
42,"Berbers of Morocco","MX03","0,1,1,3,5",0,1,1,3,5,"AG",2,2.5,NA,5,1,1,5
130,"Eyak","NA07","2,3,5,0,0",2,3,5,0,0,"GA",NA,NA,NA,NA,NA,NA,2
130,"Eyak","NA07","2,3,5,0,0",2,3,5,0,0,"HU",2,3,3,3,1,1,3
130,"Eyak","NA07","2,3,5,0,0",2,3,5,0,0,"FI",2,1,NA,5,1,1,5
130,"Eyak","NA07","2,3,5,0,0",2,3,5,0,0,"AH",NA,NA,NA,NA,0,NA,0
130,"Eyak","NA07","2,3,5,0,0",2,3,5,0,0,"AG",NA,NA,NA,NA,0,NA,0
NA,"Tlingit","NA12","1,3,6,0,0",1,3,6,0,0,"GA",NA,NA,NA,NA,NA,NA,1
NA,"Tlingit","NA12","1,3,6,0,0",1,3,6,0,0,"HU",2,3,2,3,1,1,3
NA,"Tlingit","NA12","1,3,6,0,0",1,3,6,0,0,"FI",NA,NA,NA,NA,NA,NA,6
NA,"Tlingit","NA12","1,3,6,0,0",1,3,6,0,0,"AH",NA,NA,NA,NA,0,NA,0
NA,"Tlingit","NA12","1,3,6,0,0",1,3,6,0,0,"AG",NA,NA,NA,NA,0,NA,0
124,"Copper Inuit","ND08","0,4,6,0,0",0,4,6,0,0,"GA",NA,NA,NA,NA,0,NA,0
124,"Copper Inuit","ND08","0,4,6,0,0",0,4,6,0,0,"HU",1,2,3,5,1,1,4
124,"Copper Inuit","ND08","0,4,6,0,0",0,4,6,0,0,"FI",NA,NA,NA,NA,NA,NA,6
124,"Copper Inuit","ND08","0,4,6,0,0",0,4,6,0,0,"AH",NA,NA,NA,NA,0,NA,0
124,"Copper Inuit","ND08","0,4,6,0,0",0,4,6,0,0,"AG",NA,NA,NA,NA,0,NA,0
132,"Nuxalk","NE06","2,2,6,0,0",2,2,6,0,0,"GA",NA,NA,NA,NA,NA,NA,2
132,"Nuxalk","NE06","2,2,6,0,0",2,2,6,0,0,"HU",NA,NA,NA,NA,NA,NA,2
132,"Nuxalk","NE06","2,2,6,0,0",2,2,6,0,0,"FI",2,1,2,5,1,1,6
132,"Nuxalk","NE06","2,2,6,0,0",2,2,6,0,0,"AH",NA,NA,NA,NA,0,NA,0
132,"Nuxalk","NE06","2,2,6,0,0",2,2,6,0,0,"AG",NA,NA,NA,NA,0,NA,0
131,"Haida","NE09","2,2,6,0,0",2,2,6,0,0,"GA",NA,NA,NA,NA,NA,NA,2
131,"Haida","NE09","2,2,6,0,0",2,2,6,0,0,"HU",2,2,NA,5,1,1,2
131,"Haida","NE09","2,2,6,0,0",2,2,6,0,0,"FI",NA,NA,NA,NA,NA,NA,6
131,"Haida","NE09","2,2,6,0,0",2,2,6,0,0,"AH",NA,NA,NA,NA,0,NA,0
131,"Haida","NE09","2,2,6,0,0",2,2,6,0,0,"AG",NA,NA,NA,NA,0,NA,0
NA,"Blackfoot","NF06","2,8,0,0,0",2,8,0,0,0,"GA",NA,NA,NA,NA,NA,NA,2
NA,"Blackfoot","NF06","2,8,0,0,0",2,8,0,0,0,"HU",2,2,2,4,1,1,8
NA,"Blackfoot","NF06","2,8,0,0,0",2,8,0,0,0,"FI",NA,NA,NA,NA,0,NA,0
NA,"Blackfoot","NF06","2,8,0,0,0",2,8,0,0,0,"AH",NA,NA,NA,NA,0,NA,0
NA,"Blackfoot","NF06","2,8,0,0,0",2,8,0,0,0,"AG",NA,NA,NA,NA,0,NA,0
144,"Huron/Wendat","NG05","1,1,3,0,5",1,1,3,0,5,"GA",NA,NA,NA,NA,NA,NA,1
144,"Huron/Wendat","NG05","1,1,3,0,5",1,1,3,0,5,"HU",2,2.5,2,4,1,1,1
144,"Huron/Wendat","NG05","1,1,3,0,5",1,1,3,0,5,"FI",2,2,NA,NA,1,1,3
144,"Huron/Wendat","NG05","1,1,3,0,5",1,1,3,0,5,"AH",NA,NA,NA,NA,0,NA,0
144,"Huron/Wendat","NG05","1,1,3,0,5",1,1,3,0,5,"AG",1,2,2,3,1,1,5
127,"Ojibwa","NG06","2,4,4,0,0",2,4,4,0,0,"GA",NA,NA,NA,NA,NA,NA,2
127,"Ojibwa","NG06","2,4,4,0,0",2,4,4,0,0,"HU",1,1.5,2,5,1,1,4
127,"Ojibwa","NG06","2,4,4,0,0",2,4,4,0,0,"FI",NA,NA,NA,NA,NA,NA,4
127,"Ojibwa","NG06","2,4,4,0,0",2,4,4,0,0,"AH",NA,NA,NA,NA,0,NA,0
127,"Ojibwa","NG06","2,4,4,0,0",2,4,4,0,0,"AG",NA,NA,NA,NA,0,NA,0
NA,"Iroquois","NM09","1,3,2,0,4",1,3,2,0,4,"GA",NA,NA,NA,NA,NA,NA,1
NA,"Iroquois","NM09","1,3,2,0,4",1,3,2,0,4,"HU",1,2,2,5,1,1,3
NA,"Iroquois","NM09","1,3,2,0,4",1,3,2,0,4,"FI",0,0,0,NA,1,0,2
NA,"Iroquois","NM09","1,3,2,0,4",1,3,2,0,4,"AH",NA,NA,NA,NA,0,NA,0
NA,"Iroquois","NM09","1,3,2,0,4",1,3,2,0,4,"AG",NA,NA,NA,NA,NA,NA,4
141,"Hidatsa","NQ14","1,2,1,0,6",1,2,1,0,6,"GA",NA,NA,NA,NA,NA,NA,1
141,"Hidatsa","NQ14","1,2,1,0,6",1,2,1,0,6,"HU",2,2,2,5,1,1,2
141,"Hidatsa","NQ14","1,2,1,0,6",1,2,1,0,6,"FI",NA,NA,NA,NA,NA,NA,1
141,"Hidatsa","NQ14","1,2,1,0,6",1,2,1,0,6,"AH",NA,NA,NA,NA,NA,NA,0
141,"Hidatsa","NQ14","1,2,1,0,6",1,2,1,0,6,"AG",2,2.5,3,2,1,1,6
142,"Pawnee","NQ18","1,4,0,0,5",1,4,0,0,5,"GA",NA,NA,NA,NA,NA,NA,1
142,"Pawnee","NQ18","1,4,0,0,5",1,4,0,0,5,"HU",1,1,1,3,1,1,4
142,"Pawnee","NQ18","1,4,0,0,5",1,4,0,0,5,"FI",NA,NA,NA,NA,0,NA,0
142,"Pawnee","NQ18","1,4,0,0,5",1,4,0,0,5,"AH",NA,NA,NA,NA,0,NA,0
142,"Pawnee","NQ18","1,4,0,0,5",1,4,0,0,5,"AG",1,3,1,1,1,1,5
135,"Pomo","NS18","4,3,3,0,0",4,3,3,0,0,"GA",2,NA,NA,NA,1,1,4
135,"Pomo","NS18","4,3,3,0,0",4,3,3,0,0,"HU",1,2,NA,5,1,1,3
135,"Pomo","NS18","4,3,3,0,0",4,3,3,0,0,"FI",2,1,2,5,1,1,3
135,"Pomo","NS18","4,3,3,0,0",4,3,3,0,0,"AH",NA,NA,NA,NA,NA,NA,0
135,"Pomo","NS18","4,3,3,0,0",4,3,3,0,0,"AG",2,2,NA,3,1,1,0
136,"Yokuts","NS29","5,2,3,0,0",5,2,3,0,0,"GA",1,3,2,1,1,1,5
136,"Yokuts","NS29","5,2,3,0,0",5,2,3,0,0,"HU",1,3,1,5,1,1,2
136,"Yokuts","NS29","5,2,3,0,0",5,2,3,0,0,"FI",2,1.5,2,5,1,1,3
136,"Yokuts","NS29","5,2,3,0,0",5,2,3,0,0,"AH",NA,NA,NA,NA,NA,NA,0
136,"Yokuts","NS29","5,2,3,0,0",5,2,3,0,0,"AG",NA,NA,NA,NA,NA,NA,0
NA,"Hopi","NT09","1,1,0,1,7",1,1,0,1,7,"GA",NA,NA,NA,NA,NA,NA,1
NA,"Hopi","NT09","1,1,0,1,7",1,1,0,1,7,"HU",2,2,2,5,1,1,1
NA,"Hopi","NT09","1,1,0,1,7",1,1,0,1,7,"FI",NA,NA,NA,NA,0,NA,0
NA,"Hopi","NT09","1,1,0,1,7",1,1,0,1,7,"AH",2,2,NA,5,1,1,1
NA,"Hopi","NT09","1,1,0,1,7",1,1,0,1,7,"AG",1,2,2,3,1,1,7
154,"Popoluca","NU30","0,1,1,0,8",0,1,1,0,8,"GA",NA,NA,NA,NA,0,NA,0
154,"Popoluca","NU30","0,1,1,0,8",0,1,1,0,8,"HU",1,NA,NA,5,1,1,1
154,"Popoluca","NU30","0,1,1,0,8",0,1,1,0,8,"FI",NA,NA,NA,NA,NA,NA,1
154,"Popoluca","NU30","0,1,1,0,8",0,1,1,0,8,"AH",NA,NA,NA,NA,0,NA,0
154,"Popoluca","NU30","0,1,1,0,8",0,1,1,0,8,"AG",1,1.5,1,NA,1,1,8
NA,"Tarahumara","NU33","1,1,0,3,6",1,1,0,3,5,"GA",NA,NA,NA,NA,NA,NA,1
NA,"Tarahumara","NU33","1,1,0,3,6",1,1,0,3,5,"HU",NA,NA,NA,NA,NA,NA,1
NA,"Tarahumara","NU33","1,1,0,3,6",1,1,0,3,5,"FI",2,2,NA,4,1,1,0
NA,"Tarahumara","NU33","1,1,0,3,6",1,1,0,3,5,"AH",0,0,0,NA,1,0,3
NA,"Tarahumara","NU33","1,1,0,3,6",1,1,0,3,5,"AG",1,3,2,NA,1,1,5
NA,"Zapotec","NU44","0,0,1,1,8",0,0,1,1,8,"GA",NA,NA,NA,NA,0,NA,0
NA,"Zapotec","NU44","0,0,1,1,8",0,0,1,1,8,"HU",NA,NA,NA,NA,0,NA,0
NA,"Zapotec","NU44","0,0,1,1,8",0,0,1,1,8,"FI",NA,NA,NA,NA,NA,NA,1
NA,"Zapotec","NU44","0,0,1,1,8",0,0,1,1,8,"AH",1,1,4,5,1,1,1
NA,"Zapotec","NU44","0,0,1,1,8",0,0,1,1,8,"AG",2,2,2,NA,1,1,8
151,"O'odham","NU79","3,2,0,0,5",3,2,0,0,5,"GA",NA,NA,NA,NA,NA,NA,3
151,"O'odham","NU79","3,2,0,0,5",3,2,0,0,5,"HU",NA,NA,NA,NA,NA,NA,2
151,"O'odham","NU79","3,2,0,0,5",3,2,0,0,5,"FI",NA,NA,NA,NA,0,NA,0
151,"O'odham","NU79","3,2,0,0,5",3,2,0,0,5,"AH",NA,NA,NA,NA,0,NA,0
151,"O'odham","NU79","3,2,0,0,5",3,2,0,0,5,"AG",2,3,3,3,1,1,5
86,"Sama-Bajau","OA08","0,0,8,0,2",0,0,8,0,2,"GA",NA,NA,NA,NA,0,NA,0
86,"Sama-Bajau","OA08","0,0,8,0,2",0,0,8,0,2,"HU",NA,NA,NA,NA,0,NA,0
86,"Sama-Bajau","OA08","0,0,8,0,2",0,0,8,0,2,"FI",1,1,1,4,1,1,8
86,"Sama-Bajau","OA08","0,0,8,0,2",0,0,8,0,2,"AH",NA,NA,NA,NA,0,NA,0
86,"Sama-Bajau","OA08","0,0,8,0,2",0,0,8,0,2,"AG",1,1,1,1,1,1,2
112,"Ifugao","OA19","0,2,1,1,6",0,2,1,1,6,"GA",NA,NA,NA,NA,0,NA,0
112,"Ifugao","OA19","0,2,1,1,6",0,2,1,1,6,"HU",2,1.5,NA,NA,1,1,2
112,"Ifugao","OA19","0,2,1,1,6",0,2,1,1,6,"FI",NA,NA,NA,NA,NA,NA,1
112,"Ifugao","OA19","0,2,1,1,6",0,2,1,1,6,"AH",NA,NA,NA,NA,NA,NA,1
112,"Ifugao","OA19","0,2,1,1,6",0,2,1,1,6,"AG",2,2,2,5,1,1,6
85,"Iban","OC06","0,0,2,2,6",0,0,2,2,6,"GA",NA,NA,NA,NA,0,NA,0
85,"Iban","OC06","0,0,2,2,6",0,0,2,2,6,"HU",2,3,1,NA,1,1,0
85,"Iban","OC06","0,0,2,2,6",0,0,2,2,6,"FI",1,3,1,NA,1,1,2
85,"Iban","OC06","0,0,2,2,6",0,0,2,2,6,"AH",1,2,3,3,1,1,2
85,"Iban","OC06","0,0,2,2,6",0,0,2,2,6,"AG",1,1,1,3,1,1,6
83,"Javanese","OE05","0,0,1,2,7",0,0,1,2,7,"GA",NA,NA,NA,NA,0,NA,0
83,"Javanese","OE05","0,0,1,2,7",0,0,1,2,7,"HU",NA,NA,NA,NA,0,NA,0
83,"Javanese","OE05","0,0,1,2,7",0,0,1,2,7,"FI",NA,NA,NA,NA,NA,NA,1
83,"Javanese","OE05","0,0,1,2,7",0,0,1,2,7,"AH",1,1,1,5,1,1,2
83,"Javanese","OE05","0,0,1,2,7",0,0,1,2,7,"AG",1,2,3,3,1,1,7
84,"Balinese","OF07","0,0,1,3,6",0,0,1,3,6,"GA",NA,NA,NA,NA,0,NA,0
84,"Balinese","OF07","0,0,1,3,6",0,0,1,3,6,"HU",NA,NA,NA,NA,0,NA,0
84,"Balinese","OF07","0,0,1,3,6",0,0,1,3,6,"FI",NA,NA,NA,NA,NA,NA,1
84,"Balinese","OF07","0,0,1,3,6",0,0,1,3,6,"AH",NA,NA,NA,NA,NA,NA,3
84,"Balinese","OF07","0,0,1,3,6",0,0,1,3,6,"AG",2,3,3,3,1,1,6
87,"Eastern Toradja","OG11","0,2,0,2,6",0,2,0,2,6,"GA",NA,NA,NA,NA,0,NA,0
87,"Eastern Toradja","OG11","0,2,0,2,6",0,2,0,2,6,"HU",1,2,2,5,1,1,2
87,"Eastern Toradja","OG11","0,2,0,2,6",0,2,0,2,6,"FI",2,3,2,5,1,1,0
87,"Eastern Toradja","OG11","0,2,0,2,6",0,2,0,2,6,"AH",0,0,0,NA,1,0,2
87,"Eastern Toradja","OG11","0,2,0,2,6",0,2,0,2,6,"AG",2,2,2,3,1,1,6
91,"Aranda","OI08","6,4,0,0,0",6,4,0,0,0,"GA",2,1,3,NA,1,1,6
91,"Aranda","OI08","6,4,0,0,0",6,4,0,0,0,"HU",2,1,3,3,1,1,4
91,"Aranda","OI08","6,4,0,0,0",6,4,0,0,0,"FI",NA,NA,NA,NA,0,NA,0
91,"Aranda","OI08","6,4,0,0,0",6,4,0,0,0,"AH",NA,NA,NA,NA,0,NA,0
91,"Aranda","OI08","6,4,0,0,0",6,4,0,0,0,"AG",NA,NA,NA,NA,0,NA,0
90,"Tiwi","OI20","5,3,2,0,0",5,3,2,0,0,"GA",0,0,0,NA,1,0,5
90,"Tiwi","OI20","5,3,2,0,0",5,3,2,0,0,"HU",1,1,3,3,1,1,3
90,"Tiwi","OI20","5,3,2,0,0",5,3,2,0,0,"FI",0,0,0,NA,1,0,2
90,"Tiwi","OI20","5,3,2,0,0",5,3,2,0,0,"AH",NA,NA,NA,NA,0,NA,0
90,"Tiwi","OI20","5,3,2,0,0",5,3,2,0,0,"AG",NA,NA,NA,NA,0,NA,0
92,"Orokaiva","OJ23","1,.1,2,1,5",1,1,2,1,5,"GA",2,3,3,4,1,1,1
92,"Orokaiva","OJ23","1,.1,2,1,5",1,1,2,1,5,"HU",2,3,3,5,1,1,1
92,"Orokaiva","OJ23","1,.1,2,1,5",1,1,2,1,5,"FI",2,3,3,NA,1,1,2
92,"Orokaiva","OJ23","1,.1,2,1,5",1,1,2,1,5,"AH",NA,NA,NA,NA,NA,NA,1
92,"Orokaiva","OJ23","1,.1,2,1,5",1,1,2,1,5,"AG",1,3,1,NA,1,1,5
94,"Kapauku","OJ29","0,1,1,2,6",0,1,1,2,6,"GA",NA,NA,NA,NA,0,NA,0
94,"Kapauku","OJ29","0,1,1,2,6",0,1,1,2,6,"HU",NA,NA,NA,NA,NA,NA,1
94,"Kapauku","OJ29","0,1,1,2,6",0,1,1,2,6,"FI",2,1,3,5,1,1,1
94,"Kapauku","OJ29","0,1,1,2,6",0,1,1,2,6,"AH",1,2,1,NA,1,1,2
94,"Kapauku","OJ29","0,1,1,2,6",0,1,1,2,6,"AG",0,0,0,NA,1,0,6
93,"Kimam","OJ82","2,1,1,0,6",2,1,1,0,6,"GA",2,2,3,1,1,1,2
93,"Kimam","OJ82","2,1,1,0,6",2,1,1,0,6,"HU",2,3,2,3,1,1,1
93,"Kimam","OJ82","2,1,1,0,6",2,1,1,0,6,"FI",2,3,2,1,1,1,1
93,"Kimam","OJ82","2,1,1,0,6",2,1,1,0,6,"AH",NA,NA,NA,NA,0,NA,0
93,"Kimam","OJ82","2,1,1,0,6",2,1,1,0,6,"AG",2,2,2,4,1,1,6
98,"Trobriands","OL06","1,0,3,1,5",1,0,3,1,5,"GA",NA,NA,NA,NA,NA,NA,1
98,"Trobriands","OL06","1,0,3,1,5",1,0,3,1,5,"HU",NA,NA,NA,NA,0,NA,0
98,"Trobriands","OL06","1,0,3,1,5",1,0,3,1,5,"FI",1,2,1,5,1,1,3
98,"Trobriands","OL06","1,0,3,1,5",1,0,3,1,5,"AH",NA,NA,NA,NA,NA,NA,1
98,"Trobriands","OL06","1,0,3,1,5",1,0,3,1,5,"AG",1,2.5,3,3,1,1,5
96,"Manus","OM06","0,0,9,1,0",0,0,9,1,0,"GA",NA,NA,NA,NA,0,NA,0
96,"Manus","OM06","0,0,9,1,0",0,0,9,1,0,"HU",NA,NA,NA,NA,0,NA,0
96,"Manus","OM06","0,0,9,1,0",0,0,9,1,0,"FI",1,2,1,5,1,1,9
96,"Manus","OM06","0,0,9,1,0",0,0,9,1,0,"AH",NA,NA,NA,NA,NA,NA,1
96,"Manus","OM06","0,0,9,1,0",0,0,9,1,0,"AG",1,1,4,1,1,1,0
NA,"Siwai","ON19","2,1,0,2,5",2,1,0,2,5,"GA",1,2,1,NA,1,1,2
NA,"Siwai","ON19","2,1,0,2,5",2,1,0,2,5,"HU",1,2,1,NA,1,1,1
NA,"Siwai","ON19","2,1,0,2,5",2,1,0,2,5,"FI",NA,NA,NA,NA,0,NA,0
NA,"Siwai","ON19","2,1,0,2,5",2,1,0,2,5,"AH",0,0,0,NA,1,0,2
NA,"Siwai","ON19","2,1,0,2,5",2,1,0,2,5,"AG",1,2,1,4,1,1,5
NA,"Lau Fijians","OQ06","0,0,4,1,5",0,0,4,1,5,"GA",NA,NA,NA,NA,0,NA,0
NA,"Lau Fijians","OQ06","0,0,4,1,5",0,0,4,1,5,"HU",2,2,1,5,1,1,0
NA,"Lau Fijians","OQ06","0,0,4,1,5",0,0,4,1,5,"FI",2,3,2,3,1,1,4
NA,"Lau Fijians","OQ06","0,0,4,1,5",0,0,4,1,5,"AH",NA,NA,NA,NA,NA,NA,1
NA,"Lau Fijians","OQ06","0,0,4,1,5",0,0,4,1,5,"AG",1,3,2,5,1,1,5
102,"Bau Fijians","OQ12","1,0,5,0,4",1,0,5,0,4,"GA",NA,NA,NA,NA,NA,NA,1
102,"Bau Fijians","OQ12","1,0,5,0,4",1,0,5,0,4,"HU",NA,NA,NA,NA,0,NA,0
102,"Bau Fijians","OQ12","1,0,5,0,4",1,0,5,0,4,"FI",2,2,NA,5,1,1,5
102,"Bau Fijians","OQ12","1,0,5,0,4",1,0,5,0,4,"AH",1,3,1,NA,1,1,0
102,"Bau Fijians","OQ12","1,0,5,0,4",1,0,5,0,4,"AG",1,3,1,NA,1,1,4
108,"Marshallese","OR11","1,0,5,0,4",1,0,5,0,4,"GA",NA,NA,NA,NA,NA,NA,1
108,"Marshallese","OR11","1,0,5,0,4",1,0,5,0,4,"HU",NA,NA,NA,NA,0,NA,0
108,"Marshallese","OR11","1,0,5,0,4",1,0,5,0,4,"FI",NA,NA,NA,NA,NA,NA,5
108,"Marshallese","OR11","1,0,5,0,4",1,0,5,0,4,"AH",NA,NA,NA,NA,0,NA,0
108,"Marshallese","OR11","1,0,5,0,4",1,0,5,0,4,"AG",2,3,2,NA,1,1,4
109,"Chuuk","OR19","0,0,5,0,5",0,0,5,0,5,"GA",2,2,NA,3,1,1,0
109,"Chuuk","OR19","0,0,5,0,5",0,0,5,0,5,"HU",NA,NA,NA,NA,0,NA,0
109,"Chuuk","OR19","0,0,5,0,5",0,0,5,0,5,"FI",1,3,4,NA,1,1,5
109,"Chuuk","OR19","0,0,5,0,5",0,0,5,0,5,"AH",NA,NA,NA,NA,0,NA,0
109,"Chuuk","OR19","0,0,5,0,5",0,0,5,0,5,"AG",2,3,3,NA,1,1,5
110,"Yapese","OR22","0,0,4,1,5",0,0,4,1,5,"GA",NA,NA,NA,NA,0,NA,0
110,"Yapese","OR22","0,0,4,1,5",0,0,4,1,5,"HU",NA,NA,NA,NA,0,NA,0
110,"Yapese","OR22","0,0,4,1,5",0,0,4,1,5,"FI",2,2,NA,5,1,1,4
110,"Yapese","OR22","0,0,4,1,5",0,0,4,1,5,"AH",NA,NA,NA,NA,NA,NA,1
110,"Yapese","OR22","0,0,4,1,5",0,0,4,1,5,"AG",NA,NA,NA,NA,NA,NA,5
100,"Tikopia","OT11","0,0,5,0,5",0,0,5,0,5,"GA",NA,NA,NA,NA,0,NA,0
100,"Tikopia","OT11","0,0,5,0,5",0,0,5,0,5,"HU",NA,NA,NA,NA,0,NA,0
100,"Tikopia","OT11","0,0,5,0,5",0,0,5,0,5,"FI",0,0,0,NA,1,0,5
100,"Tikopia","OT11","0,0,5,0,5",0,0,5,0,5,"AH",NA,NA,NA,NA,0,NA,0
100,"Tikopia","OT11","0,0,5,0,5",0,0,5,0,5,"AG",2,3,3,3,1,1,5
106,"Samoans","OU08","0,0,3,1,6",0,0,3,1,6,"GA",NA,NA,NA,NA,0,NA,0
106,"Samoans","OU08","0,0,3,1,6",0,0,3,1,6,"HU",NA,NA,NA,NA,0,NA,0
106,"Samoans","OU08","0,0,3,1,6",0,0,3,1,6,"FI",2,2.5,3,5,1,1,3
106,"Samoans","OU08","0,0,3,1,6",0,0,3,1,6,"AH",NA,NA,NA,NA,NA,NA,1
106,"Samoans","OU08","0,0,3,1,6",0,0,3,1,6,"AG",2,3,1,4,1,1,6
104,"M?ori","OZ04","2,2,2,0,4",2,2,2,0,4,"GA",1,3,NA,1,1,1,2
104,"M?ori","OZ04","2,2,2,0,4",2,2,2,0,4,"HU",2,3,NA,NA,1,1,2
104,"M?ori","OZ04","2,2,2,0,4",2,2,2,0,4,"FI",2,3,NA,4,1,1,2
104,"M?ori","OZ04","2,2,2,0,4",2,2,2,0,4,"AH",NA,NA,NA,NA,0,NA,0
104,"M?ori","OZ04","2,2,2,0,4",2,2,2,0,4,"AG",2,2,4,NA,1,1,4
54,"Russians","RF10","0,0,0,3,7",0,0,0,3,7,"GA",NA,NA,NA,NA,0,NA,0
54,"Russians","RF10","0,0,0,3,7",0,0,0,3,7,"HU",NA,NA,NA,NA,0,NA,0
54,"Russians","RF10","0,0,0,3,7",0,0,0,3,7,"FI",NA,NA,NA,NA,0,NA,0
54,"Russians","RF10","0,0,0,3,7",0,0,0,3,7,"AH",1,2,3,3,1,1,3
54,"Russians","RF10","0,0,0,3,7",0,0,0,3,7,"AG",1,2.5,2,3,1,1,7
55,"Abkhazians","RI03","1,0,0,6,3",1,0,0,6,3,"GA",NA,NA,NA,NA,NA,NA,1
55,"Abkhazians","RI03","1,0,0,6,3",1,0,0,6,3,"HU",0,0,0,NA,1,0,0
55,"Abkhazians","RI03","1,0,0,6,3",1,0,0,6,3,"FI",NA,NA,NA,NA,0,NA,0
55,"Abkhazians","RI03","1,0,0,6,3",1,0,0,6,3,"AH",2,3,4,5,1,1,6
55,"Abkhazians","RI03","1,0,0,6,3",1,0,0,6,3,"AG",2,3,2,3,1,1,3
65,"Kazakh","RQ02","0,1,0,8,1",0,1,0,8,1,"GA",NA,NA,NA,NA,0,NA,0
65,"Kazakh","RQ02","0,1,0,8,1",0,1,0,8,1,"HU",NA,NA,NA,NA,NA,NA,1
65,"Kazakh","RQ02","0,1,0,8,1",0,1,0,8,1,"FI",NA,NA,NA,NA,0,NA,0
65,"Kazakh","RQ02","0,1,0,8,1",0,1,0,8,1,"AH",1,1,NA,NA,1,1,8
65,"Kazakh","RQ02","0,1,0,8,1",0,1,0,8,1,"AG",1,1,NA,NA,1,1,1
53,"Nenets","RU04","0,3,3,4,0",0,3,3,4,0,"GA",NA,NA,NA,NA,0,NA,0
53,"Nenets","RU04","0,3,3,4,0",0,3,3,4,0,"HU",0,0,0,NA,1,0,3
53,"Nenets","RU04","0,3,3,4,0",0,3,3,4,0,"FI",1,2,3,NA,1,1,3
53,"Nenets","RU04","0,3,3,4,0",0,3,3,4,0,"AH",2,3,2,NA,1,1,4
53,"Nenets","RU04","0,3,3,4,0",0,3,3,4,0,"AG",2,3,NA,NA,1,1,0
NA,"Yakut","RV02","1,2,2,4,1",1,2,2,4,1,"GA",NA,NA,NA,NA,NA,NA,1
NA,"Yakut","RV02","1,2,2,4,1",1,2,2,4,1,"HU",NA,NA,NA,NA,NA,NA,2
NA,"Yakut","RV02","1,2,2,4,1",1,2,2,4,1,"FI",NA,NA,NA,NA,NA,NA,2
NA,"Yakut","RV02","1,2,2,4,1",1,2,2,4,1,"AH",0,0,0,NA,1,0,4
NA,"Yakut","RV02","1,2,2,4,1",1,2,2,4,1,"AG",0,0,0,NA,1,0,1
119,"Nivkh","RX02","2,3,5,0,0",2,3,5,0,0,"GA",NA,NA,NA,NA,NA,NA,2
119,"Nivkh","RX02","2,3,5,0,0",2,3,5,0,0,"HU",2,3,2,5,1,1,3
119,"Nivkh","RX02","2,3,5,0,0",2,3,5,0,0,"FI",2,3,2,5,1,1,5
119,"Nivkh","RX02","2,3,5,0,0",2,3,5,0,0,"AH",NA,NA,NA,NA,0,NA,0
119,"Nivkh","RX02","2,3,5,0,0",2,3,5,0,0,"AG",NA,NA,NA,NA,0,NA,0
121,"Chukchee","RY02","0,2,3,5,0",0,2,3,5,0,"GA",NA,NA,NA,NA,0,NA,0
121,"Chukchee","RY02","0,2,3,5,0",0,2,3,5,0,"HU",1,1,2,5,1,1,2
121,"Chukchee","RY02","0,2,3,5,0",0,2,3,5,0,"FI",NA,NA,NA,NA,NA,NA,3
121,"Chukchee","RY02","0,2,3,5,0",0,2,3,5,0,"AH",2,3,2,NA,1,1,5
121,"Chukchee","RY02","0,2,3,5,0",0,2,3,5,0,"AG",NA,NA,NA,NA,0,NA,0
156,"Miskito","SA15","3,2,2,1,2",3,2,2,1,2,"GA",NA,NA,NA,NA,NA,NA,3
156,"Miskito","SA15","3,2,2,1,2",3,2,2,1,2,"HU",NA,NA,NA,NA,NA,NA,2
156,"Miskito","SA15","3,2,2,1,2",3,2,2,1,2,"FI",NA,NA,NA,NA,NA,NA,2
156,"Miskito","SA15","3,2,2,1,2",3,2,2,1,2,"AH",NA,NA,NA,NA,NA,NA,1
156,"Miskito","SA15","3,2,2,1,2",3,2,2,1,2,"AG",1,3,2,3,1,1,2
158,"Kuna","SB05","0,1,3,0,6",0,1,3,0,6,"GA",NA,NA,NA,NA,0,NA,0
158,"Kuna","SB05","0,1,3,0,6",0,1,3,0,6,"HU",2,2,1,5,1,1,1
158,"Kuna","SB05","0,1,3,0,6",0,1,3,0,6,"FI",2,1.5,3,5,1,1,3
158,"Kuna","SB05","0,1,3,0,6",0,1,3,0,6,"AH",NA,NA,NA,NA,0,NA,0
158,"Kuna","SB05","0,1,3,0,6",0,1,3,0,6,"AG",2,2.5,3,3,1,1,6
NA,"Kogi","SC07","0,0,0,2,8",0,0,0,2,8,"GA",NA,NA,NA,NA,0,NA,0
NA,"Kogi","SC07","0,0,0,2,8",0,0,0,2,8,"HU",NA,NA,NA,NA,0,NA,0
NA,"Kogi","SC07","0,0,0,2,8",0,0,0,2,8,"FI",NA,NA,NA,NA,0,NA,0
NA,"Kogi","SC07","0,0,0,2,8",0,0,0,2,8,"AH",NA,NA,NA,NA,NA,NA,2
NA,"Kogi","SC07","0,0,0,2,8",0,0,0,2,8,"AG",1,2,1,NA,1,1,8
159,"Goajiro","SC13","0,1,1,7,1",0,1,1,7,1,"GA",NA,NA,NA,NA,0,NA,0
159,"Goajiro","SC13","0,1,1,7,1",0,1,1,7,1,"HU",NA,NA,NA,NA,NA,NA,1
159,"Goajiro","SC13","0,1,1,7,1",0,1,1,7,1,"FI",NA,NA,NA,NA,NA,NA,1
159,"Goajiro","SC13","0,1,1,7,1",0,1,1,7,1,"AH",1,2,1,NA,1,1,7
159,"Goajiro","SC13","0,1,1,7,1",0,1,1,7,1,"AG",2,2.5,2,NA,1,1,1
168,"Chachi","SD06","1,1,2,1,5",1,1,2,1,5,"GA",NA,NA,NA,NA,NA,NA,1
168,"Chachi","SD06","1,1,2,1,5",1,1,2,1,5,"HU",2,1,3,5,1,1,1
168,"Chachi","SD06","1,1,2,1,5",1,1,2,1,5,"FI",NA,NA,NA,NA,NA,NA,2
168,"Chachi","SD06","1,1,2,1,5",1,1,2,1,5,"AH",NA,NA,NA,NA,NA,NA,1
168,"Chachi","SD06","1,1,2,1,5",1,1,2,1,5,"AG",0,0,0,NA,1,0,5
172,"Aymara","SF05","0,0,1,3,6",0,0,1,3,6,"GA",NA,NA,NA,NA,0,NA,0
172,"Aymara","SF05","0,0,1,3,6",0,0,1,3,6,"HU",2,3,1,NA,1,1,0
172,"Aymara","SF05","0,0,1,3,6",0,0,1,3,6,"FI",NA,NA,NA,NA,NA,NA,1
172,"Aymara","SF05","0,0,1,3,6",0,0,1,3,6,"AH",NA,NA,NA,NA,NA,NA,3
172,"Aymara","SF05","0,0,1,3,6",0,0,1,3,6,"AG",2,2.5,NA,3,1,1,6
173,"Sirionó","SF21","3,5,1,0,1",3,5,1,0,1,"GA",0,0,0,NA,1,0,3
173,"Sirionó","SF21","3,5,1,0,1",3,5,1,0,1,"HU",1,2,3,5,1,1,5
173,"Sirionó","SF21","3,5,1,0,1",3,5,1,0,1,"FI",NA,NA,NA,NA,NA,NA,1
173,"Sirionó","SF21","3,5,1,0,1",3,5,1,0,1,"AH",NA,NA,NA,NA,0,NA,0
173,"Sirionó","SF21","3,5,1,0,1",3,5,1,0,1,"AG",NA,NA,NA,NA,NA,NA,1
184,"Mapuche","SG04","1,0,1,2,6",1,0,1,2,6,"GA",NA,NA,NA,NA,NA,NA,1
184,"Mapuche","SG04","1,0,1,2,6",1,0,1,2,6,"HU",NA,NA,NA,NA,0,NA,0
184,"Mapuche","SG04","1,0,1,2,6",1,0,1,2,6,"FI",NA,NA,NA,NA,NA,NA,1
184,"Mapuche","SG04","1,0,1,2,6",1,0,1,2,6,"AH",1,1.5,2,5,1,1,2
184,"Mapuche","SG04","1,0,1,2,6",1,0,1,2,6,"AG",1,1.5,2,4,1,1,6
NA,"Ona","SH04","1,6,3,0,0",1,6,3,0,0,"GA",0,0,0,NA,1,0,1
NA,"Ona","SH04","1,6,3,0,0",1,6,3,0,0,"HU",2,2.5,3,5,1,1,6
NA,"Ona","SH04","1,6,3,0,0",1,6,3,0,0,"FI",0,0,0,NA,1,0,3
NA,"Ona","SH04","1,6,3,0,0",1,6,3,0,0,"AH",NA,NA,NA,NA,0,NA,0
NA,"Ona","SH04","1,6,3,0,0",1,6,3,0,0,"AG",NA,NA,NA,NA,0,NA,0
185,"Tehuelche","SH05","2,7,1,0,0",2,7,1,0,0,"GA",NA,NA,NA,NA,NA,NA,2
185,"Tehuelche","SH05","2,7,1,0,0",2,7,1,0,0,"HU",2,3,4,5,1,1,7
185,"Tehuelche","SH05","2,7,1,0,0",2,7,1,0,0,"FI",NA,NA,NA,NA,NA,NA,1
185,"Tehuelche","SH05","2,7,1,0,0",2,7,1,0,0,"AH",NA,NA,NA,NA,NA,NA,0
185,"Tehuelche","SH05","2,7,1,0,0",2,7,1,0,0,"AG",NA,NA,NA,NA,NA,NA,0
186,"Yahgan","SH06","1,2,7,0,0",1,2,7,0,0,"GA",2,3,3,3,1,1,1
186,"Yahgan","SH06","1,2,7,0,0",1,2,7,0,0,"HU",2,3,3,3,1,1,2
186,"Yahgan","SH06","1,2,7,0,0",1,2,7,0,0,"FI",2,3,3,3,1,1,7
186,"Yahgan","SH06","1,2,7,0,0",1,2,7,0,0,"AH",NA,NA,NA,NA,0,NA,0
186,"Yahgan","SH06","1,2,7,0,0",1,2,7,0,0,"AG",NA,NA,NA,NA,0,NA,0
NA,"Mataco","SI07","2,0,0,2,6",2,0,0,2,6,"GA",NA,NA,NA,NA,NA,NA,2
NA,"Mataco","SI07","2,0,0,2,6",2,0,0,2,6,"HU",1,NA,1,NA,1,1,0
NA,"Mataco","SI07","2,0,0,2,6",2,0,0,2,6,"FI",1,NA,2,NA,1,1,0
NA,"Mataco","SI07","2,0,0,2,6",2,0,0,2,6,"AH",NA,NA,NA,NA,NA,NA,2
NA,"Mataco","SI07","2,0,0,2,6",2,0,0,2,6,"AG",2,3,NA,NA,1,1,6
182,"Enxet and Enlhet","SK15","2,5,2,0,1",2,5,2,0,1,"GA",NA,NA,NA,NA,NA,NA,2
182,"Enxet and Enlhet","SK15","2,5,2,0,1",2,5,2,0,1,"HU",1,2,3,5,1,1,5
182,"Enxet and Enlhet","SK15","2,5,2,0,1",2,5,2,0,1,"FI",0,0,0,NA,1,0,2
182,"Enxet and Enlhet","SK15","2,5,2,0,1",2,5,2,0,1,"AH",NA,NA,NA,NA,0,NA,0
182,"Enxet and Enlhet","SK15","2,5,2,0,1",2,5,2,0,1,"AG",NA,NA,NA,NA,NA,NA,1
181,"Guaraní","SM04","2,2,1,0,5",2,2,1,0,5,"GA",NA,NA,NA,NA,NA,NA,2
181,"Guaraní","SM04","2,2,1,0,5",2,2,1,0,5,"HU",NA,NA,NA,NA,NA,NA,2
181,"Guaraní","SM04","2,2,1,0,5",2,2,1,0,5,"FI",NA,NA,NA,NA,NA,NA,1
181,"Guaraní","SM04","2,2,1,0,5",2,2,1,0,5,"AH",NA,NA,NA,NA,0,NA,0
181,"Guaraní","SM04","2,2,1,0,5",2,2,1,0,5,"AG",2,3,NA,3,1,1,5
NA,"Bahia Brazilians","SO11","0,1,1,2,6",0,1,1,2,6,"GA",NA,NA,NA,NA,0,NA,0
NA,"Bahia Brazilians","SO11","0,1,1,2,6",0,1,1,2,6,"HU",NA,NA,NA,NA,NA,NA,1
NA,"Bahia Brazilians","SO11","0,1,1,2,6",0,1,1,2,6,"FI",2,1,1,5,1,1,1
NA,"Bahia Brazilians","SO11","0,1,1,2,6",0,1,1,2,6,"AH",NA,NA,NA,NA,NA,NA,2
NA,"Bahia Brazilians","SO11","0,1,1,2,6",0,1,1,2,6,"AG",0,0,0,NA,1,0,6
NA,"Bororo","SP08","4,5,1,0,0",4,5,1,0,0,"GA",NA,NA,NA,NA,NA,NA,4
NA,"Bororo","SP08","4,5,1,0,0",4,5,1,0,0,"HU",2,3,3,NA,1,1,5
NA,"Bororo","SP08","4,5,1,0,0",4,5,1,0,0,"FI",2,3,3,5,1,1,1
NA,"Bororo","SP08","4,5,1,0,0",4,5,1,0,0,"AH",NA,NA,NA,NA,0,NA,0
NA,"Bororo","SP08","4,5,1,0,0",4,5,1,0,0,"AG",2,3,NA,3,1,1,0
163,"Yanomama","SQ18","1,0,0,0,9",1,0,0,0,9,"GA",NA,NA,NA,NA,NA,NA,1
163,"Yanomama","SQ18","1,0,0,0,9",1,0,0,0,9,"HU",1,2,1,5,1,1,0
163,"Yanomama","SQ18","1,0,0,0,9",1,0,0,0,9,"FI",NA,NA,NA,NA,0,NA,0
163,"Yanomama","SQ18","1,0,0,0,9",1,0,0,0,9,"AH",NA,NA,NA,NA,0,NA,0
163,"Yanomama","SQ18","1,0,0,0,9",1,0,0,0,9,"AG",1,2,3,NA,1,1,9
167,"Tukano","SQ19","1,1,3,0,5",1,1,3,0,5,"GA",2,3,NA,1,1,1,1
167,"Tukano","SQ19","1,1,3,0,5",1,1,3,0,5,"HU",2,1,NA,5,1,1,1
167,"Tukano","SQ19","1,1,3,0,5",1,1,3,0,5,"FI",1,3,2,5,1,1,3
167,"Tukano","SQ19","1,1,3,0,5",1,1,3,0,5,"AH",NA,NA,NA,NA,0,NA,0
167,"Tukano","SQ19","1,1,3,0,5",1,1,3,0,5,"AG",1,3,2,5,1,1,5
164,"Barama River Carib","SR09","2,2,2,0,4",2,2,2,0,4,"GA",2,NA,NA,1,1,1,2
164,"Barama River Carib","SR09","2,2,2,0,4",2,2,2,0,4,"HU",1,2,1,5,1,1,2
164,"Barama River Carib","SR09","2,2,2,0,4",2,2,2,0,4,"FI",1,2.5,1,3,1,1,2
164,"Barama River Carib","SR09","2,2,2,0,4",2,2,2,0,4,"AH",NA,NA,NA,NA,0,NA,0
164,"Barama River Carib","SR09","2,2,2,0,4",2,2,2,0,4,"AG",1,1,1,3,1,1,4
165,"Saramaka","SR15","1,2,2,0,5",1,2,2,0,5,"GA",NA,NA,NA,NA,NA,NA,1
165,"Saramaka","SR15","1,2,2,0,5",1,2,2,0,5,"HU",NA,NA,NA,NA,NA,NA,2
165,"Saramaka","SR15","1,2,2,0,5",1,2,2,0,5,"FI",NA,NA,NA,NA,NA,NA,2
165,"Saramaka","SR15","1,2,2,0,5",1,2,2,0,5,"AH",NA,NA,NA,NA,NA,NA,0
165,"Saramaka","SR15","1,2,2,0,5",1,2,2,0,5,"AG",2,1.5,2,5,1,1,5
162,"Warao","SS18","4,3,2,0,1",4,3,2,0,1,"GA",2,3,4,NA,1,1,4
162,"Warao","SS18","4,3,2,0,1",4,3,2,0,1,"HU",0,0,0,NA,1,0,3
162,"Warao","SS18","4,3,2,0,1",4,3,2,0,1,"FI",0,0,0,NA,1,0,2
162,"Warao","SS18","4,3,2,0,1",4,3,2,0,1,"AH",NA,NA,NA,NA,NA,NA,0
162,"Warao","SS18","4,3,2,0,1",4,3,2,0,1,"AG",0,0,0,NA,1,0,1
160,"Haitians","SV03","0,0,0,2,8",0,0,0,2,8,"GA",NA,NA,NA,NA,0,NA,0
160,"Haitians","SV03","0,0,0,2,8",0,0,0,2,8,"HU",NA,NA,NA,NA,0,NA,0
160,"Haitians","SV03","0,0,0,2,8",0,0,0,2,8,"FI",NA,NA,NA,NA,0,NA,0
160,"Haitians","SV03","0,0,0,2,8",0,0,0,2,8,"AH",NA,NA,NA,NA,NA,NA,2
160,"Haitians","SV03","0,0,0,2,8",0,0,0,2,8,"AG",2,3,4,4,1,1,8
179,"Xavante","SV26","4,3,1,0,2",4,3,1,0,2,"GA",0,0,0,NA,1,0,4
179,"Xavante","SV26","4,3,1,0,2",4,3,1,0,2,"HU",1,3,NA,5,1,1,3
179,"Xavante","SV26","4,3,1,0,2",4,3,1,0,2,"FI",NA,NA,NA,NA,NA,NA,1
179,"Xavante","SV26","4,3,1,0,2",4,3,1,0,2,"AH",NA,NA,NA,NA,0,NA,0
179,"Xavante","SV26","4,3,1,0,2",4,3,1,0,2,"AG",0,0,0,NA,1,0,2
